{
    "function": "bin.tabr.main",
    "gpus": [],
    "n_parameters": 1873409,
    "best_epoch": 26,
    "scores": {
        "train": 0.9712460063897763,
        "val": 0.9299363057324841,
        "test": 0.8728813559322034
    },
    "time": "0:00:52"
}
