{
    "function": "bin.tabr.main",
    "gpus": [],
    "config": {
        "seed": 0,
        "batch_size": 256,
        "patience": 16,
        "n_epochs": 100,
        "context_size": 96,
        "data": {
            "seed": 0,
            "cache": false,
            "path": "/Users/921623492/Abdoul Thesis/tabular-dl-tabr/data/Abdoul_Thesis/snp",
            "num_policy": null,
            "cat_policy": null,
            "y_policy": null
        },
        "model": {
            "num_embeddings": null,
            "d_main": 256,
            "context_dropout": 0.2,
            "d_multiplier": 2.0,
            "encoder_n_blocks": 0,
            "predictor_n_blocks": 1,
            "mixer_normalization": "auto",
            "dropout0": 0.2,
            "dropout1": 0.0,
            "normalization": "LayerNorm",
            "activation": "ReLU"
        },
        "optimizer": {
            "type": "AdamW",
            "lr": 0.0003,
            "weight_decay": 0.0001
        }
    },
    "n_parameters": 1873409,
    "prediction_type": "logits",
    "best_epoch": 26,
    "metrics": {
        "train": {
            "0": {
                "precision": 0.9858156028368794,
                "recall": 0.952054794520548,
                "f1-score": 0.9686411149825784,
                "support": 146
            },
            "1": {
                "precision": 0.9593023255813954,
                "recall": 0.9880239520958084,
                "f1-score": 0.9734513274336284,
                "support": 167
            },
            "accuracy": 0.9712460063897763,
            "macro avg": {
                "precision": 0.9725589642091375,
                "recall": 0.9700393733081782,
                "f1-score": 0.9710462212081035,
                "support": 313
            },
            "weighted avg": {
                "precision": 0.9716695411702153,
                "recall": 0.9712460063897763,
                "f1-score": 0.9712075861625316,
                "support": 313
            },
            "cross-entropy": 0.12014208856307364,
            "roc-auc": 0.9847838569436469,
            "score": 0.9712460063897763
        },
        "val": {
            "0": {
                "precision": 0.92,
                "recall": 0.9324324324324325,
                "f1-score": 0.9261744966442953,
                "support": 74
            },
            "1": {
                "precision": 0.9390243902439024,
                "recall": 0.927710843373494,
                "f1-score": 0.9333333333333333,
                "support": 83
            },
            "accuracy": 0.9299363057324841,
            "macro avg": {
                "precision": 0.9295121951219512,
                "recall": 0.9300716379029632,
                "f1-score": 0.9297539149888143,
                "support": 157
            },
            "weighted avg": {
                "precision": 0.9300574801926362,
                "recall": 0.9299363057324841,
                "f1-score": 0.9299591045754427,
                "support": 157
            },
            "cross-entropy": 0.2659304225207565,
            "roc-auc": 0.9423640507977857,
            "score": 0.9299363057324841
        },
        "test": {
            "0": {
                "precision": 0.8703703703703703,
                "recall": 0.8545454545454545,
                "f1-score": 0.8623853211009175,
                "support": 55
            },
            "1": {
                "precision": 0.875,
                "recall": 0.8888888888888888,
                "f1-score": 0.8818897637795274,
                "support": 63
            },
            "accuracy": 0.8728813559322034,
            "macro avg": {
                "precision": 0.8726851851851851,
                "recall": 0.8717171717171717,
                "f1-score": 0.8721375424402225,
                "support": 118
            },
            "weighted avg": {
                "precision": 0.8728421217827997,
                "recall": 0.8728813559322034,
                "f1-score": 0.87279870998865,
                "support": 118
            },
            "cross-entropy": 0.4095379829398468,
            "roc-auc": 0.9258297258297258,
            "score": 0.8728813559322034
        }
    },
    "time": "0:00:52",
    "chunk_size": null,
    "eval_batch_size": 32768
}
